idusuario,fecha
100000,2000-01-01
100001,2000-01-02
100002,2000-01-03
100003,2000-01-04
100004,2000-01-05
100005,2000-01-06
100006,2000-01-07
100007,2000-01-08
100008,2000-01-09
100009,2000-01-10
16337,2000-01-11
78409,2000-01-12
26615,2000-01-13
3812,2000-01-14
71550,2000-01-15
72629,2000-01-16
98635,2000-01-17
22185,2000-01-18
17466,2000-01-19
35761,2000-01-20
66251,2000-01-21
5749,2000-01-22
47986,2000-01-23
56181,2000-01-24
11624,2000-01-25
49436,2000-01-26
1540,2000-01-27
1228,2000-01-28
72647,2000-01-29
2980,2000-01-30
3648,2000-01-31
10008,2000-02-01
84366,2000-02-02
45753,2000-02-03
99083,2000-02-04
27291,2000-02-05
21424,2000-02-06
10911,2000-02-07
18354,2000-02-08
51784,2000-02-09
96379,2000-02-10
12097,2000-02-11
3560,2000-02-12
50286,2000-02-13
9332,2000-02-14
48625,2000-02-15
64588,2000-02-16
29605,2000-02-17
18282,2000-02-18
75295,2000-02-19
19940,2000-02-20
88706,2000-02-21
34850,2000-02-22
94177,2000-02-23
9407,2000-02-24
11265,2000-02-25
16972,2000-02-26
39265,2000-02-27
34133,2000-02-28
17704,2000-02-29
85,2000-03-01
70036,2000-03-02
47162,2000-03-03
48628,2000-03-04
55949,2000-03-05
52805,2000-03-06
97120,2000-03-07
86308,2000-03-08
90497,2000-03-09
47849,2000-03-10
48253,2000-03-11
45774,2000-03-12
28619,2000-03-13
67742,2000-03-14
41996,2000-03-15
45240,2000-03-16
75088,2000-03-17
22294,2000-03-18
74423,2000-03-19
90816,2000-03-20
54206,2000-03-21
81633,2000-03-22
54057,2000-03-23
83834,2000-03-24
86936,2000-03-25
65520,2000-03-26
56493,2000-03-27
17854,2000-03-28
88557,2000-03-29
80139,2000-03-30
3443,2000-03-31
45338,2000-04-01
12213,2000-04-02
80034,2000-04-03
56680,2000-04-04
63456,2000-04-05
37256,2000-04-06
48785,2000-04-07
38298,2000-04-08
43831,2000-04-09
90507,2000-04-10
49430,2000-04-11
51086,2000-04-12
6032,2000-04-13
62983,2000-04-14
88571,2000-04-15
3121,2000-04-16
30419,2000-04-17
48000,2000-04-18
20050,2000-04-19
46229,2000-04-20
25492,2000-04-21
26202,2000-04-22
58055,2000-04-23
58613,2000-04-24
92929,2000-04-25
8653,2000-04-26
43385,2000-04-27
62165,2000-04-28
84412,2000-04-29
69291,2000-04-30
45886,2000-05-01
5352,2000-05-02
36242,2000-05-03
30804,2000-05-04
27131,2000-05-05
75021,2000-05-06
68591,2000-05-07
53150,2000-05-08
45090,2000-05-09
29182,2000-05-10
54943,2000-05-11
56925,2000-05-12
26407,2000-05-13
75530,2000-05-14
63686,2000-05-15
7476,2000-05-16
56594,2000-05-17
38613,2000-05-18
56632,2000-05-19
68983,2000-05-20
8001,2000-05-21
17378,2000-05-22
28675,2000-05-23
44311,2000-05-24
16778,2000-05-25
73203,2000-05-26
11396,2000-05-27
59330,2000-05-28
40345,2000-05-29
20437,2000-05-30
69126,2000-05-31
19015,2000-06-01
24069,2000-06-02
96532,2000-06-03
92969,2000-06-04
27515,2000-06-05
41070,2000-06-06
20294,2000-06-07
58421,2000-06-08
51405,2000-06-09
37753,2000-06-10
32802,2000-06-11
90124,2000-06-12
9281,2000-06-13
82851,2000-06-14
897,2000-06-15
59360,2000-06-16
93754,2000-06-17
61754,2000-06-18
80283,2000-06-19
43484,2000-06-20
80364,2000-06-21
97459,2000-06-22
11137,2000-06-23
79922,2000-06-24
60286,2000-06-25
33483,2000-06-26
66931,2000-06-27
97584,2000-06-28
21055,2000-06-29
64691,2000-06-30
90063,2000-07-01
76461,2000-07-02
42205,2000-07-03
57737,2000-07-04
78545,2000-07-05
77959,2000-07-06
73498,2000-07-07
48639,2000-07-08
55738,2000-07-09
84458,2000-07-10
96394,2000-07-11
56779,2000-07-12
10713,2000-07-13
72593,2000-07-14
90520,2000-07-15
1569,2000-07-16
92818,2000-07-17
46214,2000-07-18
36925,2000-07-19
18211,2000-07-20
8798,2000-07-21
97009,2000-07-22
4036,2000-07-23
73813,2000-07-24
48960,2000-07-25
68286,2000-07-26
43240,2000-07-27
13848,2000-07-28
8467,2000-07-29
55081,2000-07-30
36395,2000-07-31
36721,2000-08-01
47446,2000-08-02
22966,2000-08-03
51063,2000-08-04
52230,2000-08-05
88046,2000-08-06
80785,2000-08-07
35131,2000-08-08
84724,2000-08-09
49289,2000-08-10
42260,2000-08-11
83165,2000-08-12
14896,2000-08-13
459,2000-08-14
11670,2000-08-15
75436,2000-08-16
41828,2000-08-17
61800,2000-08-18
23363,2000-08-19
5851,2000-08-20
9425,2000-08-21
88325,2000-08-22
9992,2000-08-23
4531,2000-08-24
4207,2000-08-25
25360,2000-08-26
21917,2000-08-27
66534,2000-08-28
31428,2000-08-29
16356,2000-08-30
25007,2000-08-31
7522,2000-09-01
43532,2000-09-02
3840,2000-09-03
3779,2000-09-04
30272,2000-09-05
49479,2000-09-06
57803,2000-09-07
12678,2000-09-08
38563,2000-09-09
62626,2000-09-10
30478,2000-09-11
30190,2000-09-12
31928,2000-09-13
60602,2000-09-14
31610,2000-09-15
34956,2000-09-16
17381,2000-09-17
33616,2000-09-18
75866,2000-09-19
5023,2000-09-20
90456,2000-09-21
45458,2000-09-22
4210,2000-09-23
38362,2000-09-24
87724,2000-09-25
86416,2000-09-26
59757,2000-09-27
50533,2000-09-28
32804,2000-09-29
33245,2000-09-30
64127,2000-10-01
82878,2000-10-02
5841,2000-10-03
14877,2000-10-04
4324,2000-10-05
26302,2000-10-06
55077,2000-10-07
79989,2000-10-08
64696,2000-10-09
33153,2000-10-10
57424,2000-10-11
47112,2000-10-12
73460,2000-10-13
35930,2000-10-14
74549,2000-10-15
4781,2000-10-16
96477,2000-10-17
19004,2000-10-18
24395,2000-10-19
31874,2000-10-20
65063,2000-10-21
89009,2000-10-22
61421,2000-10-23
30751,2000-10-24
19291,2000-10-25
42584,2000-10-26
7053,2000-10-27
51569,2000-10-28
88485,2000-10-29
17650,2000-10-30
99934,2000-10-31
20894,2000-11-01
42961,2000-11-02
85192,2000-11-03
99357,2000-11-04
75891,2000-11-05
33283,2000-11-06
58872,2000-11-07
60031,2000-11-08
83404,2000-11-09
33379,2000-11-10
47667,2000-11-11
44574,2000-11-12
91759,2000-11-13
7114,2000-11-14
34060,2000-11-15
41065,2000-11-16
71273,2000-11-17
99456,2000-11-18
70897,2000-11-19
93282,2000-11-20
95920,2000-11-21
28294,2000-11-22
75377,2000-11-23
6734,2000-11-24
25369,2000-11-25
28397,2000-11-26
12951,2000-11-27
20166,2000-11-28
64696,2000-11-29
62188,2000-11-30
26695,2000-12-01
44130,2000-12-02
18457,2000-12-03
49771,2000-12-04
10623,2000-12-05
55404,2000-12-06
19469,2000-12-07
61017,2000-12-08
56042,2000-12-09
90235,2000-12-10
93227,2000-12-11
62728,2000-12-12
30009,2000-12-13
21183,2000-12-14
64625,2000-12-15
23158,2000-12-16
79398,2000-12-17
34841,2000-12-18
73659,2000-12-19
53161,2000-12-20
23946,2000-12-21
779,2000-12-22
52679,2000-12-23
32857,2000-12-24
95271,2000-12-25
44748,2000-12-26
5808,2000-12-27
43830,2000-12-28
65214,2000-12-29
93788,2000-12-30
54447,2000-12-31
66706,2001-01-01
52622,2001-01-02
77039,2001-01-03
54110,2001-01-04
46559,2001-01-05
99426,2001-01-06
57577,2001-01-07
1236,2001-01-08
71538,2001-01-09
95703,2001-01-10
15330,2001-01-11
56236,2001-01-12
29187,2001-01-13
22144,2001-01-14
382,2001-01-15
36436,2001-01-16
47345,2001-01-17
26536,2001-01-18
51038,2001-01-19
5940,2001-01-20
90646,2001-01-21
7665,2001-01-22
95789,2001-01-23
85375,2001-01-24
92271,2001-01-25
61319,2001-01-26
86962,2001-01-27
12538,2001-01-28
92990,2001-01-29
73422,2001-01-30
62995,2001-01-31
58876,2001-02-01
61627,2001-02-02
2390,2001-02-03
32413,2001-02-04
83135,2001-02-05
97264,2001-02-06
63766,2001-02-07
27096,2001-02-08
9073,2001-02-09
83984,2001-02-10
61954,2001-02-11
28041,2001-02-12
88067,2001-02-13
1276,2001-02-14
71443,2001-02-15
74531,2001-02-16
24002,2001-02-17
39226,2001-02-18
70403,2001-02-19
13886,2001-02-20
33427,2001-02-21
33163,2001-02-22
60218,2001-02-23
26074,2001-02-24
24444,2001-02-25
58982,2001-02-26
10326,2001-02-27
23847,2001-02-28
89124,2001-03-01
38672,2001-03-02
23945,2001-03-03
57436,2001-03-04
87869,2001-03-05
43602,2001-03-06
26479,2001-03-07
97696,2001-03-08
15900,2001-03-09
17675,2001-03-10
8154,2001-03-11
93195,2001-03-12
23724,2001-03-13
62773,2001-03-14
68229,2001-03-15
50822,2001-03-16
81093,2001-03-17
26528,2001-03-18
31483,2001-03-19
24852,2001-03-20
40845,2001-03-21
26667,2001-03-22
9737,2001-03-23
91555,2001-03-24
7875,2001-03-25
93404,2001-03-26
41609,2001-03-27
4576,2001-03-28
18165,2001-03-29
66277,2001-03-30
42254,2001-03-31
27043,2001-04-01
34938,2001-04-02
78376,2001-04-03
57206,2001-04-04
64839,2001-04-05
23727,2001-04-06
51770,2001-04-07
85358,2001-04-08
59678,2001-04-09
6173,2001-04-10
32778,2001-04-11
56741,2001-04-12
60946,2001-04-13
11950,2001-04-14
74229,2001-04-15
13365,2001-04-16
32198,2001-04-17
48984,2001-04-18
84069,2001-04-19
20456,2001-04-20
97395,2001-04-21
93086,2001-04-22
28287,2001-04-23
52509,2001-04-24
48497,2001-04-25
76104,2001-04-26
95878,2001-04-27
45509,2001-04-28
98460,2001-04-29
60051,2001-04-30
78219,2001-05-01
89527,2001-05-02
37978,2001-05-03
92299,2001-05-04
99498,2001-05-05
97227,2001-05-06
97323,2001-05-07
45393,2001-05-08
62839,2001-05-09
65608,2001-05-10
39254,2001-05-11
45455,2001-05-12
65498,2001-05-13
27644,2001-05-14
77175,2001-05-15
29043,2001-05-16
97079,2001-05-17
18845,2001-05-18
726,2001-05-19
62052,2001-05-20
54779,2001-05-21
58919,2001-05-22
65145,2001-05-23
47237,2001-05-24
21930,2001-05-25
97152,2001-05-26
4480,2001-05-27
28702,2001-05-28
16993,2001-05-29
7617,2001-05-30
68436,2001-05-31
20624,2001-06-01
77759,2001-06-02
31512,2001-06-03
48796,2001-06-04
89271,2001-06-05
55342,2001-06-06
24961,2001-06-07
86413,2001-06-08
99685,2001-06-09
52285,2001-06-10
30477,2001-06-11
40700,2001-06-12
8741,2001-06-13
79651,2001-06-14
64294,2001-06-15
5591,2001-06-16
59318,2001-06-17
69363,2001-06-18
90918,2001-06-19
62198,2001-06-20
13757,2001-06-21
1627,2001-06-22
13124,2001-06-23
91222,2001-06-24
44532,2001-06-25
12401,2001-06-26
28906,2001-06-27
74666,2001-06-28
5576,2001-06-29
93385,2001-06-30
32040,2001-07-01
5296,2001-07-02
47808,2001-07-03
29136,2001-07-04
43505,2001-07-05
12588,2001-07-06
36237,2001-07-07
51390,2001-07-08
48745,2001-07-09
34072,2001-07-10
73550,2001-07-11
11276,2001-07-12
84223,2001-07-13
94861,2001-07-14
51594,2001-07-15
21557,2001-07-16
59195,2001-07-17
537,2001-07-18
84912,2001-07-19
76602,2001-07-20
66084,2001-07-21
5706,2001-07-22
21241,2001-07-23
79926,2001-07-24
18485,2001-07-25
48824,2001-07-26
72036,2001-07-27
65375,2001-07-28
48611,2001-07-29
92509,2001-07-30
28228,2001-07-31
15480,2001-08-01
64959,2001-08-02
18686,2001-08-03
25405,2001-08-04
91872,2001-08-05
46001,2001-08-06
29486,2001-08-07
62354,2001-08-08
9663,2001-08-09
54955,2001-08-10
25869,2001-08-11
62454,2001-08-12
68573,2001-08-13
38036,2001-08-14
15547,2001-08-15
50603,2001-08-16
35300,2001-08-17
88568,2001-08-18
60450,2001-08-19
360,2001-08-20
82965,2001-08-21
96473,2001-08-22
88977,2001-08-23
26416,2001-08-24
16830,2001-08-25
94217,2001-08-26
51543,2001-08-27
91207,2001-08-28
53332,2001-08-29
82406,2001-08-30
92626,2001-08-31
90724,2001-09-01
37277,2001-09-02
44922,2001-09-03
72193,2001-09-04
55023,2001-09-05
88305,2001-09-06
1086,2001-09-07
86980,2001-09-08
75711,2001-09-09
376,2001-09-10
63004,2001-09-11
72627,2001-09-12
23253,2001-09-13
58138,2001-09-14
53825,2001-09-15
36498,2001-09-16
26622,2001-09-17
63049,2001-09-18
60483,2001-09-19
95012,2001-09-20
71203,2001-09-21
66776,2001-09-22
24919,2001-09-23
28691,2001-09-24
80461,2001-09-25
79785,2001-09-26
82214,2001-09-27
73839,2001-09-28
65396,2001-09-29
54096,2001-09-30
13094,2001-10-01
88576,2001-10-02
77498,2001-10-03
91688,2001-10-04
59429,2001-10-05
4531,2001-10-06
61038,2001-10-07
85086,2001-10-08
66034,2001-10-09
99520,2001-10-10
47267,2001-10-11
79427,2001-10-12
63052,2001-10-13
21859,2001-10-14
76689,2001-10-15
75638,2001-10-16
27833,2001-10-17
63540,2001-10-18
34424,2001-10-19
46409,2001-10-20
99402,2001-10-21
8116,2001-10-22
13580,2001-10-23
67793,2001-10-24
18263,2001-10-25
69709,2001-10-26
40675,2001-10-27
81175,2001-10-28
28936,2001-10-29
82920,2001-10-30
38734,2001-10-31
20565,2001-11-01
9845,2001-11-02
9367,2001-11-03
81160,2001-11-04
36827,2001-11-05
64394,2001-11-06
51200,2001-11-07
17734,2001-11-08
29984,2001-11-09
78590,2001-11-10
71047,2001-11-11
31900,2001-11-12
28091,2001-11-13
18338,2001-11-14
88554,2001-11-15
35237,2001-11-16
7502,2001-11-17
14118,2001-11-18
7154,2001-11-19
87071,2001-11-20
40984,2001-11-21
12169,2001-11-22
8244,2001-11-23
10919,2001-11-24
45050,2001-11-25
96563,2001-11-26
98813,2001-11-27
80165,2001-11-28
63111,2001-11-29
39257,2001-11-30
67261,2001-12-01
3957,2001-12-02
49219,2001-12-03
76598,2001-12-04
67344,2001-12-05
24178,2001-12-06
93873,2001-12-07
89681,2001-12-08
56466,2001-12-09
93086,2001-12-10
87424,2001-12-11
66337,2001-12-12
66113,2001-12-13
97507,2001-12-14
99598,2001-12-15
97853,2001-12-16
39704,2001-12-17
49844,2001-12-18
99677,2001-12-19
99351,2001-12-20
87588,2001-12-21
27476,2001-12-22
84423,2001-12-23
40565,2001-12-24
35110,2001-12-25
27852,2001-12-26
44994,2001-12-27
35132,2001-12-28
13460,2001-12-29
53680,2001-12-30
19714,2001-12-31
46994,2002-01-01
64407,2002-01-02
26174,2002-01-03
49368,2002-01-04
53837,2002-01-05
79020,2002-01-06
97481,2002-01-07
79496,2002-01-08
78805,2002-01-09
35271,2002-01-10
95579,2002-01-11
42961,2002-01-12
32567,2002-01-13
6560,2002-01-14
77757,2002-01-15
63983,2002-01-16
7857,2002-01-17
80525,2002-01-18
94538,2002-01-19
47783,2002-01-20
45096,2002-01-21
60102,2002-01-22
78949,2002-01-23
10760,2002-01-24
20802,2002-01-25
8591,2002-01-26
95294,2002-01-27
97364,2002-01-28
49837,2002-01-29
4661,2002-01-30
52554,2002-01-31
3242,2002-02-01
62343,2002-02-02
33647,2002-02-03
26377,2002-02-04
54232,2002-02-05
97636,2002-02-06
73766,2002-02-07
4858,2002-02-08
70290,2002-02-09
586,2002-02-10
82276,2002-02-11
64378,2002-02-12
92301,2002-02-13
44666,2002-02-14
5155,2002-02-15
57891,2002-02-16
48446,2002-02-17
73146,2002-02-18
13002,2002-02-19
91585,2002-02-20
79394,2002-02-21
49398,2002-02-22
80465,2002-02-23
699,2002-02-24
17423,2002-02-25
6103,2002-02-26
51832,2002-02-27
94697,2002-02-28
50234,2002-03-01
20613,2002-03-02
69190,2002-03-03
36213,2002-03-04
40836,2002-03-05
98706,2002-03-06
91445,2002-03-07
78394,2002-03-08
51130,2002-03-09
41944,2002-03-10
9266,2002-03-11
45110,2002-03-12
39072,2002-03-13
40093,2002-03-14
69250,2002-03-15
38300,2002-03-16
50677,2002-03-17
99029,2002-03-18
51201,2002-03-19
83219,2002-03-20
6085,2002-03-21
73029,2002-03-22
39871,2002-03-23
80107,2002-03-24
89820,2002-03-25
44801,2002-03-26
79451,2002-03-27
44164,2002-03-28
53354,2002-03-29
32971,2002-03-30
44063,2002-03-31
1757,2002-04-01
42687,2002-04-02
99122,2002-04-03
22921,2002-04-04
48868,2002-04-05
17328,2002-04-06
96627,2002-04-07
60509,2002-04-08
62636,2002-04-09
80346,2002-04-10
832,2002-04-11
33533,2002-04-12
40670,2002-04-13
18268,2002-04-14
26007,2002-04-15
79182,2002-04-16
72285,2002-04-17
41536,2002-04-18
34713,2002-04-19
38170,2002-04-20
33807,2002-04-21
49651,2002-04-22
37928,2002-04-23
15460,2002-04-24
17282,2002-04-25
84941,2002-04-26
51801,2002-04-27
33105,2002-04-28
63685,2002-04-29
53602,2002-04-30
19883,2002-05-01
81871,2002-05-02
16195,2002-05-03
62925,2002-05-04
25514,2002-05-05
51096,2002-05-06
89540,2002-05-07
70345,2002-05-08
88368,2002-05-09
14364,2002-05-10
1468,2002-05-11
91211,2002-05-12
88983,2002-05-13
37059,2002-05-14
28174,2002-05-15
63934,2002-05-16
60857,2002-05-17
10689,2002-05-18
99059,2002-05-19
36877,2002-05-20
16532,2002-05-21
69654,2002-05-22
7231,2002-05-23
89691,2002-05-24
65738,2002-05-25
7296,2002-05-26
7416,2002-05-27
80659,2002-05-28
52067,2002-05-29
69558,2002-05-30
28187,2002-05-31
84276,2002-06-01
34668,2002-06-02
60672,2002-06-03
34493,2002-06-04
32878,2002-06-05
73359,2002-06-06
21701,2002-06-07
46378,2002-06-08
71612,2002-06-09
91277,2002-06-10
63375,2002-06-11
30516,2002-06-12
65539,2002-06-13
20215,2002-06-14
70183,2002-06-15
52198,2002-06-16
91936,2002-06-17
61112,2002-06-18
27412,2002-06-19
12905,2002-06-20
35984,2002-06-21
8506,2002-06-22
29589,2002-06-23
18661,2002-06-24
4623,2002-06-25
58045,2002-06-26
40537,2002-06-27
25475,2002-06-28
13060,2002-06-29
96264,2002-06-30
47981,2002-07-01
41327,2002-07-02
25924,2002-07-03
33149,2002-07-04
19142,2002-07-05
22670,2002-07-06
85492,2002-07-07
85903,2002-07-08
1393,2002-07-09
39544,2002-07-10
9658,2002-07-11
4120,2002-07-12
29926,2002-07-13
60339,2002-07-14
7368,2002-07-15
28712,2002-07-16
94143,2002-07-17
41304,2002-07-18
31778,2002-07-19
19900,2002-07-20
6640,2002-07-21
46966,2002-07-22
70043,2002-07-23
74791,2002-07-24
43056,2002-07-25
67968,2002-07-26
77667,2002-07-27
26800,2002-07-28
97497,2002-07-29
81725,2002-07-30
94770,2002-07-31
94875,2002-08-01
46563,2002-08-02
91792,2002-08-03
99501,2002-08-04
45501,2002-08-05
87582,2002-08-06
82826,2002-08-07
46513,2002-08-08
39592,2002-08-09
1253,2002-08-10
84124,2002-08-11
29379,2002-08-12
99979,2002-08-13
62880,2002-08-14
20943,2002-08-15
10228,2002-08-16
364,2002-08-17
72995,2002-08-18
4541,2002-08-19
14592,2002-08-20
37875,2002-08-21
17528,2002-08-22
97159,2002-08-23
94908,2002-08-24
69723,2002-08-25
58536,2002-08-26
46546,2002-08-27
41620,2002-08-28
90378,2002-08-29
59967,2002-08-30
22422,2002-08-31
81382,2002-09-01
52203,2002-09-02
3557,2002-09-03
7513,2002-09-04
9042,2002-09-05
59188,2002-09-06
3348,2002-09-07
65061,2002-09-08
11898,2002-09-09
28330,2002-09-10
39813,2002-09-11
64698,2002-09-12
99782,2002-09-13
60785,2002-09-14
75057,2002-09-15
55754,2002-09-16
52509,2002-09-17
17173,2002-09-18
40536,2002-09-19
10633,2002-09-20
86633,2002-09-21
6702,2002-09-22
46898,2002-09-23
87829,2002-09-24
46205,2002-09-25
58314,2002-09-26
61613,2002-09-27
78148,2002-09-28
80865,2002-09-29
5665,2002-09-30
64171,2002-10-01
12966,2002-10-02
56051,2002-10-03
94547,2002-10-04
48802,2002-10-05
96483,2002-10-06
42346,2002-10-07
10627,2002-10-08
59402,2002-10-09
53262,2002-10-10
7437,2002-10-11
89693,2002-10-12
68247,2002-10-13
1899,2002-10-14
7694,2002-10-15
84981,2002-10-16
36541,2002-10-17
74854,2002-10-18
20781,2002-10-19
23334,2002-10-20
42154,2002-10-21
55717,2002-10-22
24747,2002-10-23
70750,2002-10-24
51322,2002-10-25
22130,2002-10-26
51838,2002-10-27
2501,2002-10-28
60485,2002-10-29
88478,2002-10-30
44560,2002-10-31
4372,2002-11-01
20227,2002-11-02
45178,2002-11-03
73716,2002-11-04
16066,2002-11-05
92737,2002-11-06
82152,2002-11-07
76389,2002-11-08
42308,2002-11-09
91473,2002-11-10
14463,2002-11-11
48720,2002-11-12
52302,2002-11-13
87596,2002-11-14
73429,2002-11-15
39254,2002-11-16
88269,2002-11-17
98957,2002-11-18
53849,2002-11-19
46928,2002-11-20
18909,2002-11-21
74601,2002-11-22
15851,2002-11-23
51512,2002-11-24
4439,2002-11-25
9050,2002-11-26
39591,2002-11-27
45097,2002-11-28
83179,2002-11-29
84741,2002-11-30
23951,2002-12-01
38701,2002-12-02
24404,2002-12-03
33797,2002-12-04
2816,2002-12-05
28773,2002-12-06
57318,2002-12-07
13601,2002-12-08
23865,2002-12-09
50638,2002-12-10
20208,2002-12-11
62607,2002-12-12
89534,2002-12-13
85815,2002-12-14
83617,2002-12-15
50393,2002-12-16
27287,2002-12-17
40275,2002-12-18
99535,2002-12-19
77107,2002-12-20
4281,2002-12-21
76261,2002-12-22
12051,2002-12-23
76977,2002-12-24
60637,2002-12-25
8063,2002-12-26
69665,2002-12-27
63918,2002-12-28
27615,2002-12-29
934,2002-12-30
22501,2002-12-31
2081,2003-01-01
10056,2003-01-02
60119,2003-01-03
21028,2003-01-04
41952,2003-01-05
1884,2003-01-06
36229,2003-01-07
99325,2003-01-08
6682,2003-01-09
62146,2003-01-10
96972,2003-01-11
19237,2003-01-12
88676,2003-01-13
56165,2003-01-14
14479,2003-01-15
84260,2003-01-16
88878,2003-01-17
30727,2003-01-18
12356,2003-01-19
54856,2003-01-20
57202,2003-01-21
84083,2003-01-22
76924,2003-01-23
31955,2003-01-24
63196,2003-01-25
98337,2003-01-26
52540,2003-01-27
53724,2003-01-28
84971,2003-01-29
97809,2003-01-30
84738,2003-01-31
71022,2003-02-01
41014,2003-02-02
6473,2003-02-03
33161,2003-02-04
50473,2003-02-05
36128,2003-02-06
30193,2003-02-07
38430,2003-02-08
33169,2003-02-09
77682,2003-02-10
71277,2003-02-11
67313,2003-02-12
91607,2003-02-13
48505,2003-02-14
71324,2003-02-15
62871,2003-02-16
75417,2003-02-17
36769,2003-02-18
26813,2003-02-19
34625,2003-02-20
9703,2003-02-21
84567,2003-02-22
52466,2003-02-23
94620,2003-02-24
45966,2003-02-25
35923,2003-02-26
88558,2003-02-27
14648,2003-02-28
91912,2003-03-01
20772,2003-03-02
18839,2003-03-03
9314,2003-03-04
56226,2003-03-05
10773,2003-03-06
71552,2003-03-07
2579,2003-03-08
18926,2003-03-09
25137,2003-03-10
94124,2003-03-11
85171,2003-03-12
80754,2003-03-13
29761,2003-03-14
98860,2003-03-15
62906,2003-03-16
1827,2003-03-17
46933,2003-03-18
16869,2003-03-19
16833,2003-03-20
53818,2003-03-21
29056,2003-03-22
59082,2003-03-23
29768,2003-03-24
18490,2003-03-25
30372,2003-03-26
18288,2003-03-27
19852,2003-03-28
24344,2003-03-29
30718,2003-03-30
15778,2003-03-31
56594,2003-04-01
32284,2003-04-02
67617,2003-04-03
70307,2003-04-04
20724,2003-04-05
13299,2003-04-06
8878,2003-04-07
82056,2003-04-08
10010,2003-04-09
49494,2003-04-10
39119,2003-04-11
76381,2003-04-12
75147,2003-04-13
79672,2003-04-14
89777,2003-04-15
42190,2003-04-16
25088,2003-04-17
867,2003-04-18
12112,2003-04-19
46114,2003-04-20
36263,2003-04-21
72237,2003-04-22
887,2003-04-23
65027,2003-04-24
35902,2003-04-25
58716,2003-04-26
72204,2003-04-27
47076,2003-04-28
30505,2003-04-29
42486,2003-04-30
39192,2003-05-01
74699,2003-05-02
93817,2003-05-03
90265,2003-05-04
50044,2003-05-05
346,2003-05-06
23613,2003-05-07
6785,2003-05-08
82724,2003-05-09
68967,2003-05-10
42260,2003-05-11
60810,2003-05-12
1437,2003-05-13
31818,2003-05-14
40039,2003-05-15
4964,2003-05-16
41585,2003-05-17
44564,2003-05-18
94499,2003-05-19
62204,2003-05-20
45467,2003-05-21
71790,2003-05-22
92561,2003-05-23
66152,2003-05-24
3838,2003-05-25
79141,2003-05-26
54189,2003-05-27
65850,2003-05-28
60624,2003-05-29
76377,2003-05-30
97907,2003-05-31
65102,2003-06-01
36005,2003-06-02
70022,2003-06-03
86343,2003-06-04
43576,2003-06-05
22927,2003-06-06
52604,2003-06-07
37683,2003-06-08
59157,2003-06-09
71801,2003-06-10
10391,2003-06-11
82089,2003-06-12
28352,2003-06-13
8916,2003-06-14
12524,2003-06-15
14338,2003-06-16
57198,2003-06-17
33391,2003-06-18
39230,2003-06-19
95808,2003-06-20
72133,2003-06-21
82133,2003-06-22
31760,2003-06-23
33489,2003-06-24
28352,2003-06-25
15343,2003-06-26
56162,2003-06-27
59697,2003-06-28
60128,2003-06-29
81694,2003-06-30
86198,2003-07-01
65489,2003-07-02
45965,2003-07-03
40350,2003-07-04
17945,2003-07-05
35781,2003-07-06
34813,2003-07-07
77070,2003-07-08
934,2003-07-09
80430,2003-07-10
75041,2003-07-11
14142,2003-07-12
56500,2003-07-13
66413,2003-07-14
67960,2003-07-15
74368,2003-07-16
68814,2003-07-17
13131,2003-07-18
65723,2003-07-19
99007,2003-07-20
82176,2003-07-21
96066,2003-07-22
65036,2003-07-23
90607,2003-07-24
19219,2003-07-25
71907,2003-07-26
86004,2003-07-27
95268,2003-07-28
10466,2003-07-29
16471,2003-07-30
13289,2003-07-31
93053,2003-08-01
77192,2003-08-02
25865,2003-08-03
61774,2003-08-04
99623,2003-08-05
27273,2003-08-06
76619,2003-08-07
29145,2003-08-08
40699,2003-08-09
31606,2003-08-10
37163,2003-08-11
97326,2003-08-12
79434,2003-08-13
86792,2003-08-14
16850,2003-08-15
976,2003-08-16
75212,2003-08-17
67815,2003-08-18
43124,2003-08-19
80719,2003-08-20
67568,2003-08-21
51070,2003-08-22
86628,2003-08-23
70195,2003-08-24
24372,2003-08-25
49675,2003-08-26
44914,2003-08-27
87899,2003-08-28
80125,2003-08-29
11243,2003-08-30
86196,2003-08-31
39042,2003-09-01
11542,2003-09-02
69139,2003-09-03
92160,2003-09-04
73619,2003-09-05
42110,2003-09-06
14425,2003-09-07
51888,2003-09-08
28774,2003-09-09
82070,2003-09-10
97228,2003-09-11
44947,2003-09-12
7386,2003-09-13
31599,2003-09-14
47743,2003-09-15
31303,2003-09-16
92663,2003-09-17
47857,2003-09-18
55447,2003-09-19
82583,2003-09-20
37946,2003-09-21
68260,2003-09-22
44566,2003-09-23
33882,2003-09-24
51792,2003-09-25
37773,2003-09-26
82781,2003-09-27
11358,2003-09-28
93656,2003-09-29
60607,2003-09-30
78088,2003-10-01
31727,2003-10-02
76915,2003-10-03
92988,2003-10-04
72615,2003-10-05
34915,2003-10-06
65569,2003-10-07
75130,2003-10-08
44036,2003-10-09
79635,2003-10-10
46214,2003-10-11
79572,2003-10-12
55097,2003-10-13
39954,2003-10-14
23107,2003-10-15
62499,2003-10-16
25520,2003-10-17
96316,2003-10-18
23811,2003-10-19
86076,2003-10-20
37737,2003-10-21
34959,2003-10-22
39728,2003-10-23
92781,2003-10-24
41738,2003-10-25
38880,2003-10-26
74066,2003-10-27
10789,2003-10-28
79947,2003-10-29
78983,2003-10-30
53124,2003-10-31
30454,2003-11-01
56793,2003-11-02
80635,2003-11-03
45857,2003-11-04
43068,2003-11-05
73491,2003-11-06
1885,2003-11-07
4604,2003-11-08
53027,2003-11-09
10701,2003-11-10
10549,2003-11-11
32714,2003-11-12
3360,2003-11-13
70060,2003-11-14
23508,2003-11-15
96445,2003-11-16
2985,2003-11-17
86373,2003-11-18
67877,2003-11-19
22130,2003-11-20
22156,2003-11-21
36636,2003-11-22
43596,2003-11-23
58592,2003-11-24
85066,2003-11-25
30220,2003-11-26
49637,2003-11-27
93816,2003-11-28
41956,2003-11-29
32091,2003-11-30
58919,2003-12-01
95461,2003-12-02
36683,2003-12-03
78919,2003-12-04
59652,2003-12-05
3235,2003-12-06
26555,2003-12-07
70560,2003-12-08
95365,2003-12-09
45992,2003-12-10
89256,2003-12-11
97679,2003-12-12
2518,2003-12-13
92306,2003-12-14
70249,2003-12-15
69230,2003-12-16
39000,2003-12-17
98282,2003-12-18
94488,2003-12-19
59451,2003-12-20
18432,2003-12-21
1783,2003-12-22
41504,2003-12-23
70827,2003-12-24
29369,2003-12-25
70809,2003-12-26
61888,2003-12-27
86315,2003-12-28
42992,2003-12-29
66634,2003-12-30
2432,2003-12-31
82806,2004-01-01
25775,2004-01-02
92678,2004-01-03
91973,2004-01-04
80095,2004-01-05
39511,2004-01-06
78714,2004-01-07
77483,2004-01-08
36650,2004-01-09
19242,2004-01-10
65942,2004-01-11
25846,2004-01-12
72820,2004-01-13
28388,2004-01-14
38141,2004-01-15
8560,2004-01-16
71904,2004-01-17
73451,2004-01-18
12132,2004-01-19
94921,2004-01-20
58404,2004-01-21
20360,2004-01-22
16752,2004-01-23
65376,2004-01-24
16200,2004-01-25
74865,2004-01-26
71451,2004-01-27
82998,2004-01-28
73913,2004-01-29
5331,2004-01-30
25076,2004-01-31
80475,2004-02-01
57451,2004-02-02
14431,2004-02-03
62199,2004-02-04
20755,2004-02-05
76804,2004-02-06
68151,2004-02-07
64590,2004-02-08
16560,2004-02-09
22091,2004-02-10
44557,2004-02-11
2085,2004-02-12
15332,2004-02-13
6084,2004-02-14
54864,2004-02-15
40741,2004-02-16
48300,2004-02-17
42839,2004-02-18
27348,2004-02-19
32405,2004-02-20
50673,2004-02-21
50827,2004-02-22
63537,2004-02-23
11917,2004-02-24
75068,2004-02-25
23902,2004-02-26
20525,2004-02-27
12154,2004-02-28
21941,2004-02-29
72281,2004-03-01
1627,2004-03-02
94554,2004-03-03
1532,2004-03-04
77917,2004-03-05
44353,2004-03-06
73562,2004-03-07
29688,2004-03-08
39862,2004-03-09
58155,2004-03-10
23509,2004-03-11
98614,2004-03-12
59714,2004-03-13
79281,2004-03-14
76454,2004-03-15
86809,2004-03-16
4120,2004-03-17
1863,2004-03-18
68581,2004-03-19
39463,2004-03-20
47335,2004-03-21
62822,2004-03-22
66533,2004-03-23
32640,2004-03-24
18645,2004-03-25
59420,2004-03-26
77978,2004-03-27
14404,2004-03-28
10073,2004-03-29
5641,2004-03-30
22018,2004-03-31
38808,2004-04-01
8006,2004-04-02
49890,2004-04-03
91008,2004-04-04
26232,2004-04-05
92503,2004-04-06
61368,2004-04-07
19339,2004-04-08
60346,2004-04-09
90642,2004-04-10
84785,2004-04-11
30885,2004-04-12
70822,2004-04-13
36037,2004-04-14
78799,2004-04-15
28175,2004-04-16
33825,2004-04-17
99275,2004-04-18
26085,2004-04-19
54374,2004-04-20
12350,2004-04-21
51536,2004-04-22
31641,2004-04-23
13129,2004-04-24
79459,2004-04-25
13459,2004-04-26
48100,2004-04-27
54520,2004-04-28
50368,2004-04-29
26285,2004-04-30
5066,2004-05-01
71528,2004-05-02
4038,2004-05-03
29022,2004-05-04
73170,2004-05-05
48176,2004-05-06
99203,2004-05-07
89090,2004-05-08
51676,2004-05-09
1147,2004-05-10
64112,2004-05-11
62678,2004-05-12
84919,2004-05-13
34251,2004-05-14
98303,2004-05-15
35511,2004-05-16
47674,2004-05-17
70775,2004-05-18
2380,2004-05-19
1395,2004-05-20
83779,2004-05-21
51336,2004-05-22
51930,2004-05-23
72528,2004-05-24
73224,2004-05-25
90925,2004-05-26
8559,2004-05-27
7641,2004-05-28
49043,2004-05-29
39940,2004-05-30
9951,2004-05-31
647,2004-06-01
91379,2004-06-02
58880,2004-06-03
84167,2004-06-04
57910,2004-06-05
16347,2004-06-06
1954,2004-06-07
71201,2004-06-08
61941,2004-06-09
10548,2004-06-10
64769,2004-06-11
71693,2004-06-12
14780,2004-06-13
89857,2004-06-14
87423,2004-06-15
81373,2004-06-16
57865,2004-06-17
50462,2004-06-18
49868,2004-06-19
47237,2004-06-20
41129,2004-06-21
12675,2004-06-22
6198,2004-06-23
72834,2004-06-24
19787,2004-06-25
56842,2004-06-26
54042,2004-06-27
96186,2004-06-28
22411,2004-06-29
81585,2004-06-30
78716,2004-07-01
54104,2004-07-02
41508,2004-07-03
67036,2004-07-04
83730,2004-07-05
9942,2004-07-06
65229,2004-07-07
98081,2004-07-08
43838,2004-07-09
95933,2004-07-10
98807,2004-07-11
44176,2004-07-12
29049,2004-07-13
89772,2004-07-14
23518,2004-07-15
74765,2004-07-16
34287,2004-07-17
30400,2004-07-18
85347,2004-07-19
31965,2004-07-20
99901,2004-07-21
61606,2004-07-22
8408,2004-07-23
81688,2004-07-24
92628,2004-07-25
27745,2004-07-26
32686,2004-07-27
53776,2004-07-28
51465,2004-07-29
38391,2004-07-30
53660,2004-07-31
67493,2004-08-01
18457,2004-08-02
85825,2004-08-03
98047,2004-08-04
68106,2004-08-05
19975,2004-08-06
44616,2004-08-07
65622,2004-08-08
43812,2004-08-09
88531,2004-08-10
80143,2004-08-11
54255,2004-08-12
16797,2004-08-13
33206,2004-08-14
16135,2004-08-15
35670,2004-08-16
15482,2004-08-17
29932,2004-08-18
40250,2004-08-19
19274,2004-08-20
76575,2004-08-21
92206,2004-08-22
54514,2004-08-23
54334,2004-08-24
29427,2004-08-25
80096,2004-08-26
19316,2004-08-27
88200,2004-08-28
83272,2004-08-29
53332,2004-08-30
64738,2004-08-31
45109,2004-09-01
60374,2004-09-02
21524,2004-09-03
60393,2004-09-04
96572,2004-09-05
96430,2004-09-06
26001,2004-09-07
74339,2004-09-08
50359,2004-09-09
91045,2004-09-10
89734,2004-09-11
59055,2004-09-12
65916,2004-09-13
81356,2004-09-14
91477,2004-09-15
54511,2004-09-16
81300,2004-09-17
88781,2004-09-18
55682,2004-09-19
11422,2004-09-20
25566,2004-09-21
80387,2004-09-22
65575,2004-09-23
96168,2004-09-24
9275,2004-09-25
77847,2004-09-26
16116,2004-09-27
84942,2004-09-28
34097,2004-09-29
74812,2004-09-30
28869,2004-10-01
34829,2004-10-02
71882,2004-10-03
84187,2004-10-04
99868,2004-10-05
3303,2004-10-06
23327,2004-10-07
68706,2004-10-08
6030,2004-10-09
42109,2004-10-10
27588,2004-10-11
38581,2004-10-12
37908,2004-10-13
73264,2004-10-14
76404,2004-10-15
55734,2004-10-16
38373,2004-10-17
61902,2004-10-18
34829,2004-10-19
89938,2004-10-20
87036,2004-10-21
38600,2004-10-22
1564,2004-10-23
70615,2004-10-24
75712,2004-10-25
1303,2004-10-26
52134,2004-10-27
37983,2004-10-28
54328,2004-10-29
44675,2004-10-30
26460,2004-10-31
73814,2004-11-01
7176,2004-11-02
41817,2004-11-03
69752,2004-11-04
54908,2004-11-05
26320,2004-11-06
95758,2004-11-07
25960,2004-11-08
79638,2004-11-09
33350,2004-11-10
47929,2004-11-11
72444,2004-11-12
80714,2004-11-13
71210,2004-11-14
8569,2004-11-15
80786,2004-11-16
91629,2004-11-17
48868,2004-11-18
88381,2004-11-19
61765,2004-11-20
11509,2004-11-21
14356,2004-11-22
19902,2004-11-23
98101,2004-11-24
49406,2004-11-25
38094,2004-11-26
46424,2004-11-27
59088,2004-11-28
44830,2004-11-29
80506,2004-11-30
21979,2004-12-01
22523,2004-12-02
79220,2004-12-03
48442,2004-12-04
93097,2004-12-05
53194,2004-12-06
56865,2004-12-07
67826,2004-12-08
69395,2004-12-09
22572,2004-12-10
70056,2004-12-11
1484,2004-12-12
52198,2004-12-13
5749,2004-12-14
92143,2004-12-15
40798,2004-12-16
25206,2004-12-17
1035,2004-12-18
58198,2004-12-19
58929,2004-12-20
14231,2004-12-21
57015,2004-12-22
33440,2004-12-23
45407,2004-12-24
74136,2004-12-25
9130,2004-12-26
44094,2004-12-27
51552,2004-12-28
34666,2004-12-29
71709,2004-12-30
59208,2004-12-31
87769,2005-01-01
14938,2005-01-02
62075,2005-01-03
54533,2005-01-04
99254,2005-01-05
16667,2005-01-06
12271,2005-01-07
12747,2005-01-08
61866,2005-01-09
51616,2005-01-10
45092,2005-01-11
50088,2005-01-12
65666,2005-01-13
66569,2005-01-14
83434,2005-01-15
91395,2005-01-16
69294,2005-01-17
33286,2005-01-18
17061,2005-01-19
72135,2005-01-20
11599,2005-01-21
96278,2005-01-22
39750,2005-01-23
11895,2005-01-24
8124,2005-01-25
28679,2005-01-26
7494,2005-01-27
45461,2005-01-28
52247,2005-01-29
40071,2005-01-30
38247,2005-01-31
61135,2005-02-01
59024,2005-02-02
80077,2005-02-03
24940,2005-02-04
75581,2005-02-05
69997,2005-02-06
95183,2005-02-07
79703,2005-02-08
72131,2005-02-09
30547,2005-02-10
20352,2005-02-11
79801,2005-02-12
20707,2005-02-13
58341,2005-02-14
13330,2005-02-15
60359,2005-02-16
88910,2005-02-17
42481,2005-02-18
27413,2005-02-19
33675,2005-02-20
70001,2005-02-21
11094,2005-02-22
91061,2005-02-23
5640,2005-02-24
48869,2005-02-25
85790,2005-02-26
30038,2005-02-27
73664,2005-02-28
33681,2005-03-01
54267,2005-03-02
83256,2005-03-03
49906,2005-03-04
64561,2005-03-05
73241,2005-03-06
55113,2005-03-07
81586,2005-03-08
19705,2005-03-09
26281,2005-03-10
76648,2005-03-11
3618,2005-03-12
91338,2005-03-13
97899,2005-03-14
6296,2005-03-15
49897,2005-03-16
11397,2005-03-17
60299,2005-03-18
10553,2005-03-19
51608,2005-03-20
24240,2005-03-21
80779,2005-03-22
65469,2005-03-23
12896,2005-03-24
54561,2005-03-25
38878,2005-03-26
13036,2005-03-27
47582,2005-03-28
33316,2005-03-29
41871,2005-03-30
79444,2005-03-31
1562,2005-04-01
17988,2005-04-02
67787,2005-04-03
38959,2005-04-04
30589,2005-04-05
89111,2005-04-06
44290,2005-04-07
57168,2005-04-08
24216,2005-04-09
17979,2005-04-10
97279,2005-04-11
50718,2005-04-12
9249,2005-04-13
32170,2005-04-14
46932,2005-04-15
78510,2005-04-16
57633,2005-04-17
47183,2005-04-18
71307,2005-04-19
13755,2005-04-20
66822,2005-04-21
84113,2005-04-22
27769,2005-04-23
96473,2005-04-24
24962,2005-04-25
68306,2005-04-26
78316,2005-04-27
22656,2005-04-28
2170,2005-04-29
50308,2005-04-30
40963,2005-05-01
1937,2005-05-02
13677,2005-05-03
86255,2005-05-04
33032,2005-05-05
89658,2005-05-06
38330,2005-05-07
89468,2005-05-08
56321,2005-05-09
87479,2005-05-10
34261,2005-05-11
51940,2005-05-12
8392,2005-05-13
60765,2005-05-14
22396,2005-05-15
62968,2005-05-16
7577,2005-05-17
57861,2005-05-18
19353,2005-05-19
47176,2005-05-20
92047,2005-05-21
92232,2005-05-22
68469,2005-05-23
23713,2005-05-24
61596,2005-05-25
76148,2005-05-26
44761,2005-05-27
99003,2005-05-28
15599,2005-05-29
18550,2005-05-30
29635,2005-05-31
92921,2005-06-01
89178,2005-06-02
43464,2005-06-03
71825,2005-06-04
64730,2005-06-05
4695,2005-06-06
60173,2005-06-07
61565,2005-06-08
43838,2005-06-09
23073,2005-06-10
92598,2005-06-11
24398,2005-06-12
30076,2005-06-13
54065,2005-06-14
74774,2005-06-15
81030,2005-06-16
11777,2005-06-17
58758,2005-06-18
99201,2005-06-19
17000,2005-06-20
88578,2005-06-21
46241,2005-06-22
