cedula,nombre
1000000,nombre72350
1000001,nombre46922
1000002,nombre95820
1000003,nombre85738
1000004,nombre63501
1000005,nombre80329
1000006,nombre19304
1000007,nombre49441
1000008,nombre38985
1000009,nombre78521
1000010,nombre2637
1000011,nombre61184
1000012,nombre9758
1000013,nombre96026
1000014,nombre79211
1000015,nombre82430
1000016,nombre94332
1000017,nombre16053
1000018,nombre83388
1000019,nombre53141
1000020,nombre96199
1000021,nombre23227
1000022,nombre80287
1000023,nombre78444
1000024,nombre60697
1000025,nombre52764
1000026,nombre62554
1000027,nombre25941
1000028,nombre29867
1000029,nombre83986
1000030,nombre70801
1000031,nombre31191
1000032,nombre34411
1000033,nombre7773
1000034,nombre85866
1000035,nombre98816
1000036,nombre31017
1000037,nombre59918
1000038,nombre42037
1000039,nombre39794
1000040,nombre14442
1000041,nombre8701
1000042,nombre1993
1000043,nombre13379
1000044,nombre97318
1000045,nombre67909
1000046,nombre72857
1000047,nombre43832
1000048,nombre62828
1000049,nombre77530
1000050,nombre11303
1000051,nombre97928
1000052,nombre83823
1000053,nombre29124
1000054,nombre61352
1000055,nombre43582
1000056,nombre48449
1000057,nombre14011
1000058,nombre29160
1000059,nombre75641
1000060,nombre19971
1000061,nombre24027
1000062,nombre26605
1000063,nombre32819
1000064,nombre25603
1000065,nombre53822
1000066,nombre32340
1000067,nombre42901
1000068,nombre41088
1000069,nombre33315
1000070,nombre97695
1000071,nombre384
1000072,nombre47710
1000073,nombre8481
1000074,nombre46739
1000075,nombre60124
1000076,nombre44659
1000077,nombre89476
1000078,nombre7570
1000079,nombre78338
1000080,nombre2536
1000081,nombre65974
1000082,nombre48861
1000083,nombre96783
1000084,nombre94692
1000085,nombre63694
1000086,nombre10988
1000087,nombre61366
1000088,nombre83485
1000089,nombre59519
1000090,nombre24556
1000091,nombre58968
1000092,nombre79923
1000093,nombre29351
1000094,nombre18957
1000095,nombre38810
1000096,nombre66756
1000097,nombre63670
1000098,nombre23969
1000099,nombre15954
1000100,nombre26389
1000101,nombre57196
1000102,nombre8186
1000103,nombre20995
1000104,nombre18328
1000105,nombre29747
1000106,nombre94487
1000107,nombre72414
1000108,nombre47026
1000109,nombre78452
1000110,nombre3724
1000111,nombre7399
1000112,nombre10580
1000113,nombre30472
1000114,nombre10092
1000115,nombre566
1000116,nombre40946
1000117,nombre4853
1000118,nombre75150
1000119,nombre57026
1000120,nombre62327
1000121,nombre99012
1000122,nombre49708
1000123,nombre17741
1000124,nombre21459
1000125,nombre93174
1000126,nombre75977
1000127,nombre72108
1000128,nombre11823
1000129,nombre38769
1000130,nombre25932
1000131,nombre69658
1000132,nombre35489
1000133,nombre997
1000134,nombre95393
1000135,nombre63234
1000136,nombre81243
1000137,nombre21289
1000138,nombre76454
1000139,nombre58075
1000140,nombre76443
1000141,nombre98152
1000142,nombre70666
1000143,nombre87483
1000144,nombre56393
1000145,nombre42274
1000146,nombre94303
1000147,nombre58498
1000148,nombre1448
1000149,nombre50542
1000150,nombre65015
1000151,nombre38736
1000152,nombre351
1000153,nombre93683
1000154,nombre60996
1000155,nombre36427
1000156,nombre87880
1000157,nombre30075
1000158,nombre64767
1000159,nombre92052
1000160,nombre45332
1000161,nombre25655
1000162,nombre88542
1000163,nombre94609
1000164,nombre92077
1000165,nombre23804
1000166,nombre50488
1000167,nombre31118
1000168,nombre41221
1000169,nombre72164
1000170,nombre98559
1000171,nombre10364
1000172,nombre13073
1000173,nombre3972
1000174,nombre71534
1000175,nombre41751
1000176,nombre86253
1000177,nombre54101
1000178,nombre17119
1000179,nombre98716
1000180,nombre33068
1000181,nombre44471
1000182,nombre59570
1000183,nombre40596
1000184,nombre73915
1000185,nombre3980
1000186,nombre17234
1000187,nombre47169
1000188,nombre85288
1000189,nombre42444
1000190,nombre4583
1000191,nombre64193
1000192,nombre30047
1000193,nombre42852
1000194,nombre81373
1000195,nombre84179
1000196,nombre33526
1000197,nombre22670
1000198,nombre15954
1000199,nombre65031
1000200,nombre14639
1000201,nombre34085
1000202,nombre69085
1000203,nombre35194
1000204,nombre29322
1000205,nombre54524
1000206,nombre36981
1000207,nombre6480
1000208,nombre77652
1000209,nombre81948
1000210,nombre91860
1000211,nombre92266
1000212,nombre19233
1000213,nombre96958
1000214,nombre82926
1000215,nombre80828
1000216,nombre8353
1000217,nombre68625
1000218,nombre41681
1000219,nombre10052
1000220,nombre7961
1000221,nombre27030
1000222,nombre74374
1000223,nombre33917
1000224,nombre55783
1000225,nombre64058
1000226,nombre92167
1000227,nombre92882
1000228,nombre6066
1000229,nombre34258
1000230,nombre15652
1000231,nombre8138
1000232,nombre98048
1000233,nombre30582
1000234,nombre21559
1000235,nombre12882
1000236,nombre74820
1000237,nombre77190
1000238,nombre70811
1000239,nombre638
1000240,nombre87399
1000241,nombre65940
1000242,nombre79628
1000243,nombre46712
1000244,nombre91052
1000245,nombre46912
1000246,nombre66985
1000247,nombre70961
1000248,nombre29851
1000249,nombre26768
1000250,nombre97533
1000251,nombre20646
1000252,nombre49145
1000253,nombre87953
1000254,nombre32123
1000255,nombre72351
1000256,nombre33964
1000257,nombre72714
1000258,nombre26001
1000259,nombre93903
1000260,nombre54675
1000261,nombre99140
1000262,nombre39101
1000263,nombre12524
1000264,nombre75072
1000265,nombre79219
1000266,nombre68986
1000267,nombre32575
1000268,nombre11353
1000269,nombre85576
1000270,nombre76212
1000271,nombre32797
1000272,nombre2638
1000273,nombre98312
1000274,nombre4785
1000275,nombre29701
1000276,nombre82242
1000277,nombre7985
1000278,nombre95524
1000279,nombre4586
1000280,nombre24655
1000281,nombre19166
1000282,nombre96853
1000283,nombre9957
1000284,nombre82647
1000285,nombre73042
1000286,nombre45435
1000287,nombre77315
1000288,nombre48959
1000289,nombre60320
1000290,nombre2103
1000291,nombre78424
1000292,nombre51531
1000293,nombre88926
1000294,nombre93764
1000295,nombre4082
1000296,nombre23779
1000297,nombre41065
1000298,nombre47858
1000299,nombre11490
1000300,nombre35044
1000301,nombre90775
1000302,nombre48864
1000303,nombre53900
1000304,nombre83432
1000305,nombre2302
1000306,nombre54110
1000307,nombre38190
1000308,nombre3749
1000309,nombre83429
1000310,nombre53869
1000311,nombre91913
1000312,nombre71938
1000313,nombre19436
1000314,nombre35496
1000315,nombre40936
1000316,nombre19659
1000317,nombre20015
1000318,nombre18107
1000319,nombre93250
1000320,nombre78174
1000321,nombre15591
1000322,nombre30114
1000323,nombre84096
1000324,nombre451
1000325,nombre67579
1000326,nombre49572
1000327,nombre22671
1000328,nombre76037
1000329,nombre21309
1000330,nombre68470
1000331,nombre54508
1000332,nombre81080
1000333,nombre99611
1000334,nombre51776
1000335,nombre20728
1000336,nombre47134
1000337,nombre94169
1000338,nombre35956
1000339,nombre21531
1000340,nombre21170
1000341,nombre19939
1000342,nombre41943
1000343,nombre6151
1000344,nombre38163
1000345,nombre4299
1000346,nombre86415
1000347,nombre51219
1000348,nombre38148
1000349,nombre68029
1000350,nombre21850
1000351,nombre94066
1000352,nombre54797
1000353,nombre92643
1000354,nombre77174
1000355,nombre86226
1000356,nombre32040
1000357,nombre88755
1000358,nombre3754
1000359,nombre42300
1000360,nombre26282
1000361,nombre74295
1000362,nombre20279
1000363,nombre84998
1000364,nombre85074
1000365,nombre60891
1000366,nombre69915
1000367,nombre29555
1000368,nombre96146
1000369,nombre95483
1000370,nombre33841
1000371,nombre77778
1000372,nombre93811
1000373,nombre120
1000374,nombre33259
1000375,nombre378
1000376,nombre78368
1000377,nombre26748
1000378,nombre72235
1000379,nombre88546
1000380,nombre14314
1000381,nombre89573
1000382,nombre80824
1000383,nombre11014
1000384,nombre25940
1000385,nombre27615
1000386,nombre2626
1000387,nombre47948
1000388,nombre9006
1000389,nombre2052
1000390,nombre57397
1000391,nombre10917
1000392,nombre55545
1000393,nombre33533
1000394,nombre8331
1000395,nombre61026
1000396,nombre72122
1000397,nombre63795
1000398,nombre56724
1000399,nombre30383
1000400,nombre9620
1000401,nombre27934
1000402,nombre5265
1000403,nombre89584
1000404,nombre29938
1000405,nombre33126
1000406,nombre84205
1000407,nombre34457
1000408,nombre97989
1000409,nombre88868
1000410,nombre23391
1000411,nombre5452
1000412,nombre29510
1000413,nombre56441
1000414,nombre98729
1000415,nombre1019
1000416,nombre37834
1000417,nombre40538
1000418,nombre58058
1000419,nombre13737
1000420,nombre2622
1000421,nombre63367
1000422,nombre50901
1000423,nombre85559
1000424,nombre58345
1000425,nombre32776
1000426,nombre92631
1000427,nombre87566
1000428,nombre27195
1000429,nombre49923
1000430,nombre71875
1000431,nombre87676
1000432,nombre51195
1000433,nombre20923
1000434,nombre79852
1000435,nombre49148
1000436,nombre56216
1000437,nombre84742
1000438,nombre5870
1000439,nombre52658
1000440,nombre34238
1000441,nombre14553
1000442,nombre69621
1000443,nombre3491
1000444,nombre79257
1000445,nombre6601
1000446,nombre81844
1000447,nombre61580
1000448,nombre3929
1000449,nombre50238
1000450,nombre29794
1000451,nombre7862
1000452,nombre92009
1000453,nombre98927
1000454,nombre68605
1000455,nombre75791
1000456,nombre26451
1000457,nombre85363
1000458,nombre49052
1000459,nombre30805
1000460,nombre2445
1000461,nombre55558
1000462,nombre14989
1000463,nombre46415
1000464,nombre30787
1000465,nombre73781
1000466,nombre82641
1000467,nombre70331
1000468,nombre59529
1000469,nombre41414
1000470,nombre34395
1000471,nombre5063
1000472,nombre53313
1000473,nombre11322
1000474,nombre55017
1000475,nombre67506
1000476,nombre87633
1000477,nombre7855
1000478,nombre91232
1000479,nombre95186
1000480,nombre56066
1000481,nombre12206
1000482,nombre44922
1000483,nombre11166
1000484,nombre84233
1000485,nombre35812
1000486,nombre91750
1000487,nombre18625
1000488,nombre76283
1000489,nombre73083
1000490,nombre60816
1000491,nombre80142
1000492,nombre88222
1000493,nombre74321
1000494,nombre90618
1000495,nombre65696
1000496,nombre27594
1000497,nombre24522
1000498,nombre29860
1000499,nombre49040
1000500,nombre8976
1000501,nombre43567
1000502,nombre56743
1000503,nombre7195
1000504,nombre50039
1000505,nombre46610
1000506,nombre82565
1000507,nombre39949
1000508,nombre25695
1000509,nombre37869
1000510,nombre96426
1000511,nombre8896
1000512,nombre22241
1000513,nombre32191
1000514,nombre88157
1000515,nombre2595
1000516,nombre47291
1000517,nombre38402
1000518,nombre32492
1000519,nombre52794
1000520,nombre49192
1000521,nombre62001
1000522,nombre6093
1000523,nombre77522
1000524,nombre22295
1000525,nombre48035
1000526,nombre48037
1000527,nombre42289
1000528,nombre30335
1000529,nombre71795
1000530,nombre14039
1000531,nombre42274
1000532,nombre71692
1000533,nombre68795
1000534,nombre79909
1000535,nombre76782
1000536,nombre95694
1000537,nombre11183
1000538,nombre15700
1000539,nombre62925
1000540,nombre97478
1000541,nombre44236
1000542,nombre39292
1000543,nombre75289
1000544,nombre57437
1000545,nombre25872
1000546,nombre98747
1000547,nombre92185
1000548,nombre47668
1000549,nombre41969
1000550,nombre9123
1000551,nombre21480
1000552,nombre20406
1000553,nombre36990
1000554,nombre91387
1000555,nombre2713
1000556,nombre73111
1000557,nombre23625
1000558,nombre65220
1000559,nombre20425
1000560,nombre533
1000561,nombre18590
1000562,nombre47522
1000563,nombre58511
1000564,nombre71029
1000565,nombre23324
1000566,nombre94740
1000567,nombre60502
1000568,nombre17768
1000569,nombre68911
1000570,nombre21288
1000571,nombre32838
1000572,nombre52432
1000573,nombre35531
1000574,nombre52910
1000575,nombre89915
1000576,nombre83562
1000577,nombre11691
1000578,nombre50832
1000579,nombre94098
1000580,nombre71656
1000581,nombre32870
1000582,nombre5993
1000583,nombre32404
1000584,nombre29955
1000585,nombre37224
1000586,nombre67351
1000587,nombre92040
1000588,nombre80620
1000589,nombre55726
1000590,nombre2209
1000591,nombre48854
1000592,nombre61803
1000593,nombre48780
1000594,nombre55992
1000595,nombre42511
1000596,nombre83465
1000597,nombre3052
1000598,nombre91856
1000599,nombre55530
1000600,nombre67899
1000601,nombre68327
1000602,nombre89895
1000603,nombre39403
1000604,nombre49463
1000605,nombre44576
1000606,nombre39470
1000607,nombre72601
1000608,nombre78867
1000609,nombre75609
1000610,nombre57735
1000611,nombre44565
1000612,nombre31645
1000613,nombre27966
1000614,nombre70291
1000615,nombre48295
1000616,nombre60391
1000617,nombre71930
1000618,nombre63376
1000619,nombre62329
1000620,nombre99450
1000621,nombre89703
1000622,nombre7146
1000623,nombre85043
1000624,nombre67310
1000625,nombre62503
1000626,nombre23568
1000627,nombre39569
1000628,nombre74173
1000629,nombre81690
1000630,nombre25465
1000631,nombre5098
1000632,nombre15920
1000633,nombre30156
1000634,nombre30311
1000635,nombre89833
1000636,nombre23222
1000637,nombre35866
1000638,nombre81112
1000639,nombre14558
1000640,nombre19297
1000641,nombre8205
1000642,nombre67405
1000643,nombre75840
1000644,nombre81206
1000645,nombre16141
1000646,nombre64201
1000647,nombre65495
1000648,nombre19197
1000649,nombre96112
1000650,nombre16826
1000651,nombre87605
1000652,nombre53430
1000653,nombre30066
1000654,nombre87489
1000655,nombre59815
1000656,nombre23013
1000657,nombre10883
1000658,nombre68833
1000659,nombre9858
1000660,nombre94618
1000661,nombre73546
1000662,nombre86740
1000663,nombre64794
1000664,nombre41113
1000665,nombre42279
1000666,nombre11574
1000667,nombre64016
1000668,nombre27514
1000669,nombre77341
1000670,nombre5253
1000671,nombre88519
1000672,nombre19383
1000673,nombre8356
1000674,nombre97493
1000675,nombre1974
1000676,nombre47623
1000677,nombre84204
1000678,nombre29578
1000679,nombre29154
1000680,nombre77929
1000681,nombre87641
1000682,nombre19313
1000683,nombre4753
1000684,nombre60277
1000685,nombre88133
1000686,nombre97201
1000687,nombre12367
1000688,nombre15232
1000689,nombre18947
1000690,nombre56734
1000691,nombre40017
1000692,nombre99873
1000693,nombre85754
1000694,nombre98589
1000695,nombre56838
1000696,nombre84050
1000697,nombre10000
1000698,nombre73721
1000699,nombre89146
1000700,nombre8318
1000701,nombre28592
1000702,nombre31705
1000703,nombre46480
1000704,nombre50575
1000705,nombre24093
1000706,nombre88220
1000707,nombre14377
1000708,nombre56560
1000709,nombre6368
1000710,nombre64421
1000711,nombre21031
1000712,nombre72757
1000713,nombre53388
1000714,nombre6554
1000715,nombre3698
1000716,nombre94670
1000717,nombre68039
1000718,nombre31624
1000719,nombre21988
1000720,nombre34553
1000721,nombre23180
1000722,nombre53084
1000723,nombre43770
1000724,nombre84748
1000725,nombre20465
1000726,nombre11103
1000727,nombre27362
1000728,nombre40264
1000729,nombre6257
1000730,nombre29030
1000731,nombre52251
1000732,nombre32790
1000733,nombre73308
1000734,nombre52935
1000735,nombre33421
1000736,nombre4895
1000737,nombre27161
1000738,nombre19592
1000739,nombre41384
1000740,nombre62936
1000741,nombre72179
1000742,nombre99717
1000743,nombre50101
1000744,nombre84099
1000745,nombre83378
1000746,nombre92223
1000747,nombre94379
1000748,nombre11626
1000749,nombre15053
1000750,nombre63677
1000751,nombre53349
1000752,nombre30120
1000753,nombre92183
1000754,nombre22165
1000755,nombre35054
1000756,nombre92140
1000757,nombre33864
1000758,nombre92054
1000759,nombre58421
1000760,nombre84480
1000761,nombre31243
1000762,nombre62515
1000763,nombre16594
1000764,nombre60343
1000765,nombre52006
1000766,nombre18051
1000767,nombre28948
1000768,nombre77758
1000769,nombre37573
1000770,nombre69397
1000771,nombre43582
1000772,nombre46453
1000773,nombre3299
1000774,nombre62561
1000775,nombre65028
1000776,nombre77286
1000777,nombre86684
1000778,nombre62771
1000779,nombre85017
1000780,nombre7109
1000781,nombre74054
1000782,nombre51836
1000783,nombre79058
1000784,nombre23005
1000785,nombre83429
1000786,nombre44309
1000787,nombre9278
1000788,nombre9788
1000789,nombre82021
1000790,nombre64296
1000791,nombre59980
1000792,nombre40136
1000793,nombre8908
1000794,nombre5030
1000795,nombre81014
1000796,nombre43339
1000797,nombre12512
1000798,nombre30660
1000799,nombre84783
1000800,nombre54857
1000801,nombre49700
1000802,nombre76085
1000803,nombre57136
1000804,nombre72889
1000805,nombre53439
1000806,nombre32296
1000807,nombre21020
1000808,nombre84762
1000809,nombre67791
1000810,nombre97985
1000811,nombre44654
1000812,nombre27362
1000813,nombre34492
1000814,nombre91456
1000815,nombre63060
1000816,nombre69419
1000817,nombre41930
1000818,nombre62657
1000819,nombre82737
1000820,nombre86329
1000821,nombre22471
1000822,nombre66867
1000823,nombre1743
1000824,nombre17057
1000825,nombre58225
1000826,nombre83711
1000827,nombre47006
1000828,nombre77808
1000829,nombre76501
1000830,nombre81662
1000831,nombre19064
1000832,nombre52556
1000833,nombre31554
1000834,nombre52208
1000835,nombre21150
1000836,nombre59733
1000837,nombre82206
1000838,nombre60644
1000839,nombre85505
1000840,nombre83869
1000841,nombre82766
1000842,nombre40478
1000843,nombre200
1000844,nombre40246
1000845,nombre32725
1000846,nombre41092
1000847,nombre24350
1000848,nombre66265
1000849,nombre85839
1000850,nombre2287
1000851,nombre97435
1000852,nombre64405
1000853,nombre324
1000854,nombre53188
1000855,nombre97416
1000856,nombre61248
1000857,nombre26495
1000858,nombre60636
1000859,nombre31026
1000860,nombre66396
1000861,nombre39099
1000862,nombre42569
1000863,nombre88322
1000864,nombre12056
1000865,nombre24443
1000866,nombre57986
1000867,nombre56498
1000868,nombre1254
1000869,nombre33821
1000870,nombre76043
1000871,nombre98122
1000872,nombre54064
1000873,nombre50046
1000874,nombre23247
1000875,nombre80584
1000876,nombre61153
1000877,nombre66196
1000878,nombre3402
1000879,nombre14445
1000880,nombre10589
1000881,nombre53696
1000882,nombre63031
1000883,nombre93112
1000884,nombre44011
1000885,nombre62674
1000886,nombre46753
1000887,nombre50638
1000888,nombre47009
1000889,nombre70715
1000890,nombre98721
1000891,nombre12591
1000892,nombre68623
1000893,nombre85281
1000894,nombre27493
1000895,nombre32004
1000896,nombre25491
1000897,nombre23475
1000898,nombre99064
1000899,nombre13467
1000900,nombre1038
1000901,nombre91141
1000902,nombre62123
1000903,nombre60444
1000904,nombre31189
1000905,nombre70274
1000906,nombre47599
1000907,nombre91384
1000908,nombre94353
1000909,nombre24371
1000910,nombre12490
1000911,nombre93129
1000912,nombre99725
1000913,nombre83776
1000914,nombre22272
1000915,nombre29369
1000916,nombre15089
1000917,nombre1864
1000918,nombre75794
1000919,nombre8209
1000920,nombre81152
1000921,nombre11344
1000922,nombre86128
1000923,nombre35613
1000924,nombre56225
1000925,nombre23392
1000926,nombre66129
1000927,nombre22433
1000928,nombre32591
1000929,nombre38077
1000930,nombre31997
1000931,nombre24918
1000932,nombre4794
1000933,nombre10874
1000934,nombre85254
1000935,nombre14754
1000936,nombre30538
1000937,nombre11681
1000938,nombre22329
1000939,nombre15232
1000940,nombre41041
1000941,nombre40632
1000942,nombre98384
1000943,nombre4732
1000944,nombre15772
1000945,nombre91033
1000946,nombre56315
1000947,nombre38461
1000948,nombre47752
1000949,nombre23572
1000950,nombre6325
1000951,nombre84064
1000952,nombre68852
1000953,nombre25431
1000954,nombre60762
1000955,nombre30612
1000956,nombre19814
1000957,nombre99127
1000958,nombre69335
1000959,nombre99083
1000960,nombre73172
1000961,nombre28279
1000962,nombre45937
1000963,nombre60252
1000964,nombre58495
1000965,nombre20442
1000966,nombre36596
1000967,nombre31418
1000968,nombre45925
1000969,nombre96249
1000970,nombre47296
1000971,nombre25458
1000972,nombre500
1000973,nombre18804
1000974,nombre80748
1000975,nombre83119
1000976,nombre80132
1000977,nombre33724
1000978,nombre92493
1000979,nombre68628
1000980,nombre70026
1000981,nombre47575
1000982,nombre85278
1000983,nombre96868
1000984,nombre50072
1000985,nombre74679
1000986,nombre86377
1000987,nombre48409
1000988,nombre30723
1000989,nombre33612
1000990,nombre71282
1000991,nombre50016
1000992,nombre23195
1000993,nombre82981
1000994,nombre8541
1000995,nombre80853
1000996,nombre84143
1000997,nombre37125
1000998,nombre2975
1000999,nombre1542
